<?xml version="1.0" encoding="UTF-8"?>
<!DOCTYPE mapper
        PUBLIC "-//mybatis.org//DTD Mapper 3.0//EN"
        "http://mybatis.org/dtd/mybatis-3-mapper.dtd">
<mapper namespace="com.fs.dao.IUserDao">
    <!--配置查询所有-->
    <select id="findAll" resultType="com.fs.domain.User">
        select * from user;
    </select>
    <!--配置保存用户-->
    <insert id="saveUser" parameterType="com.fs.domain.User">
        insert into user(username,address,sex,birthday)values (#{username},#{address},#{sex},#{birthday});
    </insert>
    <!--配置更新用户-->
    <update id="updateUser" parameterType="com.fs.domain.User">
        update user set username=#{username},address=#{address},sex=#{sex},birthday=#{birthday} where id=#{id}
    </update>
    <!--配置删除用户-->
    <delete id="deleteUser" parameterType="Integer">
        delete from user where id = #{uid}
    </delete>
    <!--配置根据ID查询用户-->
    <select id="findById" parameterType="INT" resultType="com.fs.domain.User">
        select * from user where id = #{uid}
    </select>
</mapper>